Date,HomeTeam,AwayTeam,FTHG,FTAG,FTR,HTHG,HTAG,HTR,Referee,HS,AS,HST,AST,HF,AF,HC,AC,HY,AY,HR,AR
08/15/2024,Ath Bilbao,Getafe,1,1,D,1,0,H,,7,9,4,2,15,12,5,6,4,1,0,0
08/15/2024,Betis,Girona,1,1,D,1,0,H,,19,13,4,2,11,7,4,4,2,0,0,0
08/16/2024,Celta,Alaves,2,1,H,0,1,A,,6,10,4,2,8,23,3,3,3,2,0,0
08/16/2024,Las Palmas,Sevilla,2,2,D,1,1,D,,13,16,5,5,12,13,6,3,0,0,0,0
08/17/2024,Osasuna,Leganes,1,1,D,0,1,A,,16,10,5,4,14,12,6,4,3,2,0,0
08/17/2024,Valencia,Barcelona,1,2,A,1,1,D,,6,18,1,8,11,13,3,8,2,3,0,0
08/18/2024,Sociedad,Vallecano,1,2,A,0,0,D,,11,12,5,5,14,21,10,5,2,4,0,0
08/18/2024,Mallorca,Real Madrid,1,1,D,0,1,A,,12,13,5,4,11,6,8,7,1,0,0,1
08/19/2024,Valladolid,Espanol,1,0,H,1,0,H,,12,10,3,2,15,8,3,2,2,2,0,0
08/19/2024,Villarreal,Ath Madrid,2,2,D,2,2,D,,8,10,3,5,6,10,2,3,1,3,0,0
08/23/2024,Celta,Valencia,3,1,H,2,1,H,,7,13,5,5,9,11,4,7,3,0,0,0
08/23/2024,Sevilla,Villarreal,1,2,A,1,1,D,,15,6,9,5,15,7,7,2,3,5,0,0
08/24/2024,Osasuna,Mallorca,1,0,H,0,0,D,,15,11,5,2,10,8,5,4,2,1,0,0
08/24/2024,Barcelona,Ath Bilbao,2,1,H,1,1,D,,13,9,5,2,11,16,5,6,4,5,0,0
08/24/2024,Espanol,Sociedad,0,1,A,0,0,D,,13,8,3,4,14,18,7,4,2,2,0,0
08/24/2024,Getafe,Vallecano,0,0,D,0,0,D,,12,3,0,1,16,18,3,2,1,2,0,0
08/25/2024,Real Madrid,Valladolid,3,0,H,0,0,D,,17,8,9,2,10,15,5,5,1,1,0,0
08/25/2024,Leganes,Las Palmas,2,1,H,0,0,D,,10,10,5,5,11,10,3,7,1,1,0,0
08/25/2024,Alaves,Betis,0,0,D,0,0,D,,3,13,1,3,16,13,3,8,1,4,1,0
08/25/2024,Ath Madrid,Girona,3,0,H,1,0,H,,11,13,6,5,11,10,1,9,1,3,0,0
08/26/2024,Villarreal,Celta,4,3,H,1,2,A,,22,18,9,8,8,6,7,4,4,3,0,0
08/27/2024,Mallorca,Sevilla,0,0,D,0,0,D,,12,16,4,7,15,10,5,9,0,1,0,1
08/27/2024,Vallecano,Barcelona,1,2,A,1,0,H,,8,22,4,5,17,11,6,6,3,1,0,0
08/28/2024,Ath Bilbao,Valencia,1,0,H,1,0,H,,13,2,4,0,14,9,5,3,1,3,0,0
08/28/2024,Valladolid,Leganes,0,0,D,0,0,D,,12,8,2,1,13,19,4,4,1,5,0,0
08/28/2024,Ath Madrid,Espanol,0,0,D,0,0,D,,24,8,7,1,6,9,9,3,0,2,0,0
08/28/2024,Sociedad,Alaves,1,2,A,1,1,D,,8,12,1,5,16,12,8,6,4,4,1,0
08/29/2024,Girona,Osasuna,4,0,H,1,0,H,,10,1,5,0,10,9,5,0,0,0,0,0
08/29/2024,Las Palmas,Real Madrid,1,1,D,1,0,H,,7,25,3,8,16,13,2,6,0,2,0,0
08/31/2024,Barcelona,Valladolid,7,0,H,3,0,H,,23,5,10,2,6,12,10,1,0,3,0,0
08/31/2024,Ath Bilbao,Ath Madrid,0,1,A,0,0,D,,8,9,1,2,13,9,2,2,3,1,0,0
08/31/2024,Espanol,Vallecano,2,1,H,1,1,D,,10,17,5,5,14,16,3,7,3,2,0,0
08/31/2024,Leganes,Mallorca,0,1,A,0,1,A,,4,12,2,3,11,17,1,3,1,3,0,0
08/31/2024,Valencia,Villarreal,1,1,D,1,1,D,,22,9,6,3,15,11,14,3,3,5,0,1
09/01/2024,Alaves,Las Palmas,2,0,H,1,0,H,,15,12,5,7,13,9,6,5,3,0,0,0
09/01/2024,Osasuna,Celta,3,2,H,2,1,H,,10,12,4,3,19,10,6,3,2,0,0,1
09/01/2024,Sevilla,Girona,0,2,A,0,1,A,,16,11,5,4,6,14,7,5,3,2,0,0
09/01/2024,Getafe,Sociedad,0,0,D,0,0,D,,16,1,1,0,14,16,4,1,1,1,0,0
09/01/2024,Real Madrid,Betis,2,0,H,0,0,D,,20,12,8,2,8,16,7,3,2,0,0,0
09/13/2024,Betis,Leganes,2,0,H,0,0,D,,14,3,5,0,11,18,11,1,1,2,0,0
09/14/2024,Mallorca,Villarreal,1,2,A,0,1,A,,10,21,5,4,11,10,7,6,3,3,1,0
09/14/2024,Espanol,Alaves,3,2,H,1,1,D,,9,19,4,6,17,14,0,5,2,3,0,0
09/14/2024,Sevilla,Getafe,1,0,H,1,0,H,,10,15,4,4,19,15,3,4,3,4,1,0
09/14/2024,Sociedad,Real Madrid,0,2,A,0,0,D,,11,16,2,7,12,9,6,6,4,1,0,0
09/15/2024,Celta,Valladolid,3,1,H,2,0,H,,14,6,7,1,14,15,5,3,3,5,0,1
09/15/2024,Girona,Barcelona,1,4,A,0,2,A,,9,20,4,9,13,4,1,6,3,2,0,1
09/15/2024,Las Palmas,Ath Bilbao,2,3,A,0,2,A,,15,9,6,4,8,12,9,3,1,2,0,1
09/15/2024,Ath Madrid,Valencia,3,0,H,1,0,H,,14,5,5,1,10,8,7,3,1,2,0,0
09/16/2024,Vallecano,Osasuna,3,1,H,0,1,A,,17,5,6,2,12,15,7,4,3,2,0,0
09/17/2024,Mallorca,Sociedad,1,0,H,1,0,H,,10,13,4,4,5,10,5,5,1,1,0,0
09/18/2024,Betis,Getafe,2,1,H,0,0,D,,18,15,8,5,10,20,8,4,3,5,0,0
09/19/2024,Leganes,Ath Bilbao,0,2,A,0,0,D,,14,10,3,4,12,11,4,7,3,0,0,0
09/20/2024,Alaves,Sevilla,2,1,H,1,0,H,,10,8,4,2,11,16,3,5,1,4,0,0
09/21/2024,Valladolid,Sociedad,0,0,D,0,0,D,,15,14,2,4,15,12,5,7,4,4,0,0
09/21/2024,Osasuna,Las Palmas,2,1,H,1,1,D,,13,11,2,4,14,11,2,4,2,5,0,0
09/21/2024,Valencia,Girona,2,0,H,0,0,D,,7,8,2,3,13,10,5,4,3,2,0,0
09/21/2024,Real Madrid,Espanol,4,1,H,0,0,D,,31,10,14,2,7,5,9,4,4,3,0,0
09/22/2024,Getafe,Leganes,1,1,D,0,0,D,,12,6,3,3,16,17,6,2,3,2,0,0
09/22/2024,Ath Bilbao,Celta,3,1,H,2,1,H,,10,11,7,4,16,11,3,6,3,2,0,0
09/22/2024,Villarreal,Barcelona,1,5,A,1,2,A,,13,17,4,10,12,12,7,3,6,1,0,0
09/22/2024,Vallecano,Ath Madrid,1,1,D,1,0,H,,15,10,3,5,9,12,3,4,0,0,0,0
09/23/2024,Betis,Mallorca,1,2,A,1,1,D,,14,6,6,6,12,12,6,3,3,2,0,0
09/24/2024,Sevilla,Valladolid,2,1,H,1,0,H,,22,8,5,2,14,12,6,4,5,4,1,0
09/24/2024,Valencia,Osasuna,0,0,D,0,0,D,,10,9,2,2,6,11,10,5,2,3,0,0
09/24/2024,Real Madrid,Alaves,3,2,H,2,0,H,,10,12,4,3,7,10,4,4,4,0,0,0
09/25/2024,Girona,Vallecano,0,0,D,0,0,D,,11,2,0,0,8,16,4,3,3,4,0,0
09/25/2024,Barcelona,Getafe,1,0,H,1,0,H,,16,7,4,1,4,14,7,5,1,1,0,0
09/26/2024,Espanol,Villarreal,1,2,A,1,1,D,,11,15,2,4,12,14,4,1,5,3,0,0
09/26/2024,Las Palmas,Betis,1,1,D,1,1,D,,8,14,2,5,21,10,1,4,4,2,0,0
09/26/2024,Celta,Ath Madrid,0,1,A,0,0,D,,9,7,4,2,10,7,2,3,2,2,0,0
09/27/2024,Valladolid,Mallorca,1,2,A,0,0,D,,11,14,1,6,15,9,7,4,3,2,0,0
09/28/2024,Getafe,Alaves,2,0,H,1,0,H,,14,9,8,1,17,24,2,2,3,6,0,0
09/28/2024,Vallecano,Leganes,1,1,D,1,0,H,,15,13,6,3,12,7,5,5,2,1,0,0
09/28/2024,Sociedad,Valencia,3,0,H,1,0,H,,11,9,6,4,7,12,6,4,0,0,0,0
09/28/2024,Osasuna,Barcelona,4,2,H,2,0,H,,11,12,6,5,13,3,5,8,2,2,0,0
09/29/2024,Celta,Girona,1,1,D,0,1,A,,12,9,2,4,9,14,4,4,1,0,0,0
09/29/2024,Ath Bilbao,Sevilla,1,1,D,1,0,H,,13,13,3,4,6,7,4,7,0,3,1,0
09/29/2024,Betis,Espanol,1,0,H,0,0,D,,20,8,12,1,14,20,8,4,2,4,0,0
09/29/2024,Ath Madrid,Real Madrid,1,1,D,0,0,D,,12,12,4,4,11,11,5,5,3,1,1,0
09/30/2024,Villarreal,Las Palmas,3,1,H,1,0,H,,17,7,7,3,14,10,3,2,0,3,0,0
10/04/2024,Leganes,Valencia,0,0,D,0,0,D,,8,6,0,1,15,14,1,2,2,2,0,0
10/05/2024,Espanol,Mallorca,2,1,H,1,0,H,,8,11,3,4,14,19,4,6,1,5,0,0
10/05/2024,Getafe,Osasuna,1,1,D,1,0,H,,11,6,3,2,17,10,4,2,2,4,0,0
10/05/2024,Las Palmas,Celta,0,1,A,0,1,A,,24,8,5,1,9,13,11,2,3,8,0,2
10/05/2024,Valladolid,Vallecano,1,2,A,0,0,D,,13,17,5,3,13,18,5,13,4,2,0,0
10/05/2024,Real Madrid,Villarreal,2,0,H,1,0,H,,11,10,2,1,7,11,2,5,0,1,0,0
10/06/2024,Girona,Ath Bilbao,2,1,H,1,1,D,,14,13,6,4,12,13,6,1,4,3,0,1
10/06/2024,Alaves,Barcelona,0,3,A,0,3,A,,11,14,2,8,13,8,11,3,2,2,0,0
10/06/2024,Sevilla,Betis,1,0,H,0,0,D,,14,11,5,3,15,15,4,1,6,3,1,0
10/06/2024,Sociedad,Ath Madrid,1,1,D,0,1,A,,16,4,8,1,10,9,5,1,0,2,0,0
10/18/2024,Alaves,Valladolid,2,3,A,1,1,D,,10,12,4,4,15,14,5,6,6,2,1,0
10/19/2024,Ath Bilbao,Espanol,4,1,H,3,0,H,,10,5,6,2,15,22,5,5,2,3,0,0
10/19/2024,Osasuna,Betis,1,2,A,0,1,A,,19,11,6,7,12,8,10,2,2,1,0,1
10/19/2024,Girona,Sociedad,0,1,A,0,1,A,,8,14,3,4,10,12,6,6,2,1,0,0
10/19/2024,Celta,Real Madrid,1,2,A,0,1,A,,13,10,5,3,16,13,6,2,2,1,0,0
10/20/2024,Mallorca,Vallecano,1,0,H,0,0,D,,19,10,5,2,9,13,9,2,1,1,0,0
10/20/2024,Ath Madrid,Leganes,3,1,H,0,1,A,,24,5,9,2,14,8,8,2,5,1,0,0
10/20/2024,Villarreal,Getafe,1,1,D,1,0,H,,10,21,4,4,18,21,5,5,4,3,0,0
10/20/2024,Barcelona,Sevilla,5,1,H,3,0,H,,21,7,9,1,6,14,5,5,1,2,0,0
10/21/2024,Valencia,Las Palmas,2,3,A,1,1,D,,14,11,7,6,12,12,11,2,4,9,1,0
10/25/2024,Espanol,Sevilla,0,2,A,0,2,A,,16,6,1,3,14,9,13,2,2,0,0,0
10/26/2024,Valladolid,Villarreal,1,2,A,0,1,A,,7,21,3,9,16,13,4,6,4,3,0,0
10/26/2024,Vallecano,Alaves,1,0,H,0,0,D,,16,15,4,7,8,14,6,2,2,4,1,0
10/26/2024,Las Palmas,Girona,1,0,H,1,0,H,,12,8,3,3,12,14,3,5,4,5,0,1
10/26/2024,Real Madrid,Barcelona,0,4,A,0,0,D,,9,15,4,7,15,17,10,3,2,5,0,0
10/27/2024,Leganes,Celta,3,0,H,0,0,D,,7,18,4,5,15,17,4,2,2,2,0,0
10/27/2024,Getafe,Valencia,1,1,D,0,1,A,,15,2,4,1,20,20,8,2,3,7,0,0
10/27/2024,Betis,Ath Madrid,1,0,H,1,0,H,,24,10,3,3,8,4,3,10,3,2,0,0
10/27/2024,Sociedad,Osasuna,0,2,A,0,2,A,,19,10,9,4,7,14,14,4,3,4,0,0
10/28/2024,Mallorca,Ath Bilbao,0,0,D,0,0,D,,4,20,1,1,9,12,1,14,5,1,1,0
11/01/2024,Alaves,Mallorca,1,0,H,0,0,D,,13,7,3,2,19,12,7,2,3,2,0,0
11/02/2024,Osasuna,Valladolid,1,0,H,1,0,H,,20,7,4,4,21,12,7,2,1,5,0,0
11/02/2024,Girona,Leganes,4,3,H,2,2,D,,15,8,6,5,17,15,6,1,2,4,0,0
11/03/2024,Ath Madrid,Las Palmas,2,0,H,1,0,H,,15,1,3,1,13,13,9,1,1,1,0,0
11/03/2024,Barcelona,Espanol,3,1,H,3,0,H,,14,10,9,3,13,14,9,5,0,3,0,0
11/03/2024,Sevilla,Sociedad,0,2,A,0,1,A,,8,9,0,3,6,17,5,9,2,1,0,0
11/03/2024,Ath Bilbao,Betis,1,1,D,0,0,D,,17,7,8,4,9,8,6,2,0,0,0,0
11/04/2024,Celta,Getafe,1,0,H,1,0,H,,10,10,3,2,12,11,0,2,1,4,0,1
11/08/2024,Vallecano,Las Palmas,1,3,A,0,1,A,,35,11,7,3,9,13,12,4,1,3,0,0
11/09/2024,Real Madrid,Osasuna,4,0,H,2,0,H,,18,2,8,0,9,16,11,3,0,2,0,0
11/09/2024,Villarreal,Alaves,3,0,H,1,0,H,,13,9,3,3,17,21,7,2,1,3,0,0
11/09/2024,Leganes,Sevilla,1,0,H,0,0,D,,8,13,4,2,7,10,0,6,2,1,0,1
11/10/2024,Betis,Celta,2,2,D,1,1,D,,19,3,6,2,12,8,2,0,3,0,0,0
11/10/2024,Mallorca,Ath Madrid,0,1,A,0,0,D,,12,9,6,2,10,16,7,2,1,3,0,0
11/10/2024,Getafe,Girona,0,1,A,0,1,A,,8,3,0,2,25,16,5,2,3,3,0,0
11/10/2024,Valladolid,Ath Bilbao,1,1,D,0,0,D,,6,17,3,1,12,12,5,5,4,4,0,0
11/10/2024,Sociedad,Barcelona,1,0,H,1,0,H,,14,11,6,0,17,6,7,6,3,1,0,0
11/22/2024,Getafe,Valladolid,2,0,H,0,0,D,,12,6,5,3,15,15,3,2,3,2,0,0
11/23/2024,Valencia,Betis,4,2,H,1,1,D,,11,7,5,3,10,16,2,4,4,2,0,0
11/23/2024,Ath Madrid,Alaves,2,1,H,0,1,A,,11,4,8,1,18,19,5,0,3,3,0,0
11/23/2024,Girona,Espanol,4,1,H,4,0,H,,12,9,5,1,4,19,6,3,0,3,0,0
11/23/2024,Las Palmas,Mallorca,2,3,A,0,0,D,,14,10,3,3,10,18,4,3,4,2,0,1
11/23/2024,Celta,Barcelona,2,2,D,0,1,A,,15,9,8,4,13,9,5,1,5,5,0,1
11/24/2024,Osasuna,Villarreal,2,2,D,2,0,H,,4,17,3,7,12,13,0,8,6,5,0,0
11/24/2024,Sevilla,Vallecano,1,0,H,1,0,H,,11,9,3,1,14,14,8,3,2,5,0,1
11/24/2024,Leganes,Real Madrid,0,3,A,0,1,A,,4,16,0,9,17,11,2,4,2,0,0,0
11/24/2024,Ath Bilbao,Sociedad,1,0,H,1,0,H,,12,6,4,1,18,9,4,4,3,4,0,0
11/29/2024,Mallorca,Valencia,2,1,H,1,1,D,,9,7,3,1,9,14,3,6,0,0,0,0
11/30/2024,Barcelona,Las Palmas,1,2,A,0,0,D,,27,5,8,3,7,11,7,0,0,0,0,0
11/30/2024,Alaves,Leganes,1,1,D,0,0,D,,18,6,7,3,15,15,13,8,1,4,0,0
11/30/2024,Espanol,Celta,3,1,H,1,0,H,,9,16,5,2,13,7,2,5,2,2,0,0
11/30/2024,Valladolid,Ath Madrid,0,5,A,0,3,A,,9,13,1,9,6,11,3,5,1,2,0,0
12/01/2024,Villarreal,Girona,2,2,D,1,0,H,,13,13,4,6,8,13,1,5,2,6,0,0
12/01/2024,Real Madrid,Getafe,2,0,H,2,0,H,,13,8,4,3,7,26,5,3,2,6,0,0
12/01/2024,Vallecano,Ath Bilbao,1,2,A,1,0,H,,7,12,4,7,14,8,1,7,3,0,0,0
12/01/2024,Sociedad,Betis,2,0,H,2,0,H,,2,7,1,2,28,10,0,4,3,2,0,0
12/02/2024,Sevilla,Osasuna,1,1,D,0,0,D,,12,7,5,3,11,15,5,1,1,1,0,0
12/03/2024,Mallorca,Barcelona,1,5,A,1,1,D,,6,20,1,9,13,13,2,5,4,3,0,0
12/04/2024,Ath Bilbao,Real Madrid,2,1,H,0,0,D,,9,10,3,5,21,9,5,2,3,3,0,0
12/06/2024,Celta,Mallorca,2,0,H,1,0,H,,12,9,5,4,9,12,3,3,1,0,0,1
12/07/2024,Las Palmas,Valladolid,2,1,H,1,1,D,,11,9,5,2,17,13,3,3,4,3,0,0
12/07/2024,Betis,Barcelona,2,2,D,0,1,A,,12,9,6,3,15,14,6,4,1,2,0,0
12/07/2024,Valencia,Vallecano,0,1,A,0,1,A,,14,6,6,1,5,12,9,4,2,2,0,0
12/07/2024,Girona,Real Madrid,0,3,A,0,1,A,,10,10,4,7,6,7,6,3,3,2,0,0
12/08/2024,Leganes,Sociedad,0,3,A,0,1,A,,11,15,2,5,12,15,5,3,2,2,0,0
12/08/2024,Ath Bilbao,Villarreal,2,0,H,1,0,H,,12,11,4,1,15,10,3,3,2,1,0,0
12/08/2024,Osasuna,Alaves,2,2,D,0,1,A,,16,6,8,3,13,14,8,3,4,3,0,0
12/08/2024,Ath Madrid,Sevilla,4,3,H,1,2,A,,14,4,9,3,11,8,5,3,4,3,0,0
12/09/2024,Getafe,Espanol,1,0,H,1,0,H,,15,9,6,1,14,15,3,3,3,6,0,0
12/13/2024,Valladolid,Valencia,1,0,H,1,0,H,,2,14,1,2,10,10,1,7,4,3,1,0
12/14/2024,Espanol,Osasuna,0,0,D,0,0,D,,9,6,3,0,13,13,5,4,3,1,0,0
12/14/2024,Mallorca,Girona,2,1,H,1,1,D,,8,13,2,1,10,14,2,4,5,2,1,0
12/14/2024,Sevilla,Celta,1,0,H,0,0,D,,8,10,3,2,12,9,3,4,7,3,0,0
12/14/2024,Vallecano,Real Madrid,3,3,D,2,2,D,,14,13,5,6,18,8,4,3,4,2,0,0
12/15/2024,Ath Madrid,Getafe,1,0,H,0,0,D,,11,7,3,1,13,15,8,3,3,1,0,0
12/15/2024,Alaves,Ath Bilbao,1,1,D,0,1,A,,6,9,3,2,14,17,2,4,2,2,0,0
12/15/2024,Sociedad,Las Palmas,0,0,D,0,0,D,,15,9,4,3,17,12,8,6,2,3,0,0
12/15/2024,Villarreal,Betis,1,2,A,0,1,A,,17,10,4,4,19,10,5,5,5,2,0,1
12/15/2024,Barcelona,Leganes,0,1,A,0,1,A,,20,6,4,4,5,13,8,2,0,2,0,0
12/18/2024,Espanol,Valencia,1,1,D,1,0,H,,10,14,3,4,13,11,4,7,1,0,0,0
12/18/2024,Villarreal,Vallecano,1,1,D,1,1,D,,14,18,5,3,10,15,7,7,4,3,1,0
12/20/2024,Girona,Valladolid,3,0,H,2,0,H,,23,1,7,1,13,7,9,1,3,1,0,0
12/21/2024,Getafe,Mallorca,0,1,A,0,0,D,,18,9,5,2,19,13,3,0,4,3,0,0
12/21/2024,Celta,Sociedad,2,0,H,2,0,H,,11,7,7,1,19,13,5,7,3,5,0,0
12/21/2024,Osasuna,Ath Bilbao,1,2,A,1,1,D,,6,13,3,8,10,13,4,4,0,1,0,0
12/21/2024,Barcelona,Ath Madrid,1,2,A,1,0,H,,19,5,7,4,11,8,11,3,0,3,0,0
12/22/2024,Valencia,Alaves,2,2,D,0,1,A,,8,11,3,3,20,15,5,4,2,1,0,0
12/22/2024,Real Madrid,Sevilla,4,2,H,3,1,H,,16,10,8,5,5,14,6,6,1,2,0,0
12/22/2024,Las Palmas,Espanol,1,0,H,0,0,D,,10,9,4,2,9,16,2,2,4,2,0,0
12/22/2024,Leganes,Villarreal,2,5,A,2,2,D,,5,18,3,9,17,15,1,5,1,2,2,0
12/22/2024,Betis,Vallecano,1,1,D,1,0,H,,14,10,5,4,9,14,5,5,0,4,0,0
01/03/2025,Valencia,Real Madrid,1,2,A,1,0,H,,8,17,5,5,16,9,2,5,2,3,0,1
01/10/2025,Vallecano,Celta,2,1,H,1,1,D,,8,23,5,7,18,9,3,3,2,3,0,1
01/11/2025,Alaves,Girona,0,1,A,0,0,D,,11,3,2,1,16,11,6,3,1,4,0,0
01/11/2025,Valladolid,Betis,1,0,H,0,0,D,,12,14,1,3,21,10,1,8,2,4,0,0
01/11/2025,Espanol,Leganes,1,1,D,1,1,D,,15,14,5,6,15,19,8,4,2,2,0,1
01/11/2025,Sevilla,Valencia,1,1,D,0,0,D,,15,5,5,1,16,8,10,1,1,2,0,0
01/12/2025,Las Palmas,Getafe,1,2,A,0,0,D,,15,12,7,3,14,17,4,5,2,3,0,0
01/12/2025,Ath Madrid,Osasuna,1,0,H,0,0,D,,9,6,5,1,8,14,4,0,2,0,0,0
01/13/2025,Sociedad,Villarreal,1,0,H,0,0,D,,6,15,3,5,17,6,3,7,4,2,0,0
01/17/2025,Espanol,Valladolid,2,1,H,1,0,H,,12,11,4,4,13,16,1,7,2,2,0,0
01/18/2025,Girona,Sevilla,1,2,A,1,0,H,,7,14,4,6,6,15,7,4,0,4,0,0
01/18/2025,Leganes,Ath Madrid,1,0,H,0,0,D,,9,19,3,4,16,6,2,9,1,3,0,0
01/18/2025,Betis,Alaves,1,3,A,1,1,D,,7,9,2,5,12,24,2,3,4,5,1,0
01/18/2025,Getafe,Barcelona,1,1,D,1,1,D,,10,21,4,5,9,9,2,10,3,2,0,0
01/19/2025,Celta,Ath Bilbao,1,2,A,0,0,D,,3,14,1,6,14,6,3,4,0,0,0,0
01/19/2025,Real Madrid,Las Palmas,4,1,H,3,1,H,,26,6,13,2,11,13,8,2,0,1,0,1
01/19/2025,Osasuna,Vallecano,1,1,D,0,1,A,,12,8,3,3,9,13,6,3,3,2,0,0
01/19/2025,Valencia,Sociedad,1,0,H,1,0,H,,7,9,2,3,10,12,4,7,3,4,0,0
01/20/2025,Villarreal,Mallorca,4,0,H,4,0,H,,14,9,7,2,9,12,6,5,1,3,0,0
01/24/2025,Las Palmas,Osasuna,1,1,D,0,0,D,,16,16,7,4,14,17,4,2,7,8,1,0
01/25/2025,Mallorca,Betis,0,1,A,0,0,D,,16,8,3,3,12,18,4,4,2,2,1,0
01/25/2025,Ath Madrid,Villarreal,1,1,D,0,1,A,,20,11,8,1,10,14,5,6,4,2,0,0
01/25/2025,Sevilla,Espanol,1,1,D,0,1,A,,25,6,4,1,13,14,5,1,1,4,0,0
01/25/2025,Valladolid,Real Madrid,0,3,A,0,1,A,,6,20,2,4,11,12,1,7,3,3,1,0
01/26/2025,Vallecano,Girona,2,1,H,0,0,D,,17,12,7,5,19,9,4,1,3,1,0,0
01/26/2025,Sociedad,Getafe,0,3,A,0,0,D,,13,13,4,4,11,15,5,2,3,6,0,0
01/26/2025,Ath Bilbao,Leganes,0,0,D,0,0,D,,29,5,3,2,10,8,16,1,1,1,0,0
01/26/2025,Barcelona,Valencia,7,1,H,5,0,H,,22,7,11,2,10,12,14,4,0,1,0,0
01/27/2025,Alaves,Celta,1,1,D,1,0,H,,3,5,1,2,15,14,3,4,2,3,0,0
01/31/2025,Leganes,Vallecano,0,1,A,0,0,D,,5,19,1,3,7,19,2,9,2,4,1,0
02/01/2025,Getafe,Sevilla,0,0,D,0,0,D,,7,13,1,1,15,12,6,5,4,6,0,0
02/01/2025,Villarreal,Valladolid,5,1,H,1,0,H,,22,8,8,2,9,14,3,6,1,2,0,0
02/01/2025,Ath Madrid,Mallorca,2,0,H,1,0,H,,17,10,5,1,9,14,10,4,2,3,0,0
02/01/2025,Espanol,Real Madrid,1,0,H,0,0,D,,5,21,2,7,14,3,1,8,2,0,0,0
02/02/2025,Barcelona,Alaves,1,0,H,0,0,D,,11,3,4,0,8,20,5,2,5,2,0,0
02/02/2025,Valencia,Celta,2,1,H,1,0,H,,8,3,5,2,9,17,5,2,1,2,0,0
02/02/2025,Osasuna,Sociedad,2,1,H,1,0,H,,11,13,4,3,10,8,3,5,3,3,0,0
02/02/2025,Betis,Ath Bilbao,2,2,D,2,1,H,,10,12,6,4,10,20,3,7,3,1,0,0
02/03/2025,Girona,Las Palmas,2,1,H,1,0,H,,12,10,4,2,12,12,11,3,2,2,0,0
02/07/2025,Vallecano,Valladolid,1,0,H,0,0,D,,20,8,6,3,11,15,4,2,2,2,0,0
02/08/2025,Celta,Betis,3,2,H,0,2,A,,14,12,6,5,11,11,4,7,3,5,0,0
02/08/2025,Ath Bilbao,Girona,3,0,H,2,0,H,,23,3,8,1,7,12,11,2,0,4,0,0
02/08/2025,Las Palmas,Villarreal,1,2,A,0,0,D,,20,9,4,4,12,12,6,5,6,3,0,0
02/08/2025,Real Madrid,Ath Madrid,1,1,D,0,1,A,,23,10,9,1,14,13,6,1,1,3,0,0
02/09/2025,Alaves,Getafe,0,1,A,0,1,A,,12,4,4,3,16,16,8,3,2,6,0,0
02/09/2025,Valencia,Leganes,2,0,H,2,0,H,,18,12,4,4,14,9,9,3,1,1,0,0
02/09/2025,Sociedad,Espanol,2,1,H,1,0,H,,13,4,3,1,11,17,6,0,1,2,0,0
02/09/2025,Sevilla,Barcelona,1,4,A,1,1,D,,8,10,4,6,14,6,5,6,5,2,0,1
02/10/2025,Mallorca,Osasuna,1,1,D,0,0,D,,10,19,2,4,7,11,7,11,1,4,0,0
02/14/2025,Girona,Getafe,1,2,A,0,1,A,,14,10,4,6,11,23,3,3,2,3,1,0
02/15/2025,Leganes,Alaves,3,3,D,2,1,H,,8,16,3,7,18,15,3,2,4,5,1,0
02/15/2025,Osasuna,Real Madrid,1,1,D,0,1,A,,11,17,4,6,16,7,6,2,3,1,0,1
02/15/2025,Ath Madrid,Celta,1,1,D,0,0,D,,9,11,3,4,8,18,2,7,3,5,1,0
02/15/2025,Villarreal,Valencia,1,1,D,1,0,H,,13,12,4,3,6,17,4,5,0,5,0,0
02/16/2025,Espanol,Ath Bilbao,1,1,D,0,0,D,,12,14,4,4,12,8,2,7,1,1,0,0
02/16/2025,Valladolid,Sevilla,0,4,A,0,2,A,,7,11,2,6,11,10,3,2,4,2,0,0
02/16/2025,Mallorca,Las Palmas,3,1,H,3,0,H,,14,9,5,4,7,13,3,5,1,4,0,0
02/16/2025,Betis,Sociedad,3,0,H,0,0,D,,24,5,8,1,9,15,5,5,0,2,0,2
02/17/2025,Barcelona,Vallecano,1,0,H,1,0,H,,14,9,5,4,11,9,4,5,2,3,0,0
02/21/2025,Celta,Osasuna,1,0,H,0,0,D,,12,18,5,1,11,13,5,4,1,0,0,0
02/22/2025,Alaves,Espanol,0,1,A,0,0,D,,15,9,5,2,13,17,7,0,2,2,0,0
02/22/2025,Vallecano,Villarreal,0,1,A,0,0,D,,10,10,5,5,15,12,3,5,1,4,1,0
02/22/2025,Valencia,Ath Madrid,0,3,A,0,2,A,,18,11,2,3,18,16,7,0,1,3,0,0
02/22/2025,Las Palmas,Barcelona,0,2,A,0,0,D,,10,15,2,5,13,4,5,3,1,1,0,0
02/23/2025,Ath Bilbao,Valladolid,7,1,H,4,0,H,,29,5,16,3,10,5,4,4,2,3,0,1
02/23/2025,Real Madrid,Girona,2,0,H,1,0,H,,22,6,5,2,1,7,11,5,0,2,0,0
02/23/2025,Getafe,Betis,1,2,A,0,1,A,,10,13,4,6,17,20,2,5,3,0,1,1
02/23/2025,Sociedad,Leganes,3,0,H,1,0,H,,12,8,5,2,13,13,3,3,3,3,0,0
02/24/2025,Sevilla,Mallorca,1,1,D,1,0,H,,19,13,4,2,11,12,4,4,1,3,0,0
02/28/2025,Valladolid,Las Palmas,1,1,D,0,1,A,,23,4,7,3,11,8,13,4,2,1,0,1
03/01/2025,Girona,Celta,2,2,D,1,1,D,,9,10,6,6,8,17,4,2,0,0,0,0
03/01/2025,Vallecano,Sevilla,1,1,D,0,0,D,,20,10,8,5,14,9,6,6,1,0,0,0
03/01/2025,Betis,Real Madrid,2,1,H,1,1,D,,18,9,3,2,17,12,9,2,3,4,0,0
03/01/2025,Ath Madrid,Ath Bilbao,1,0,H,0,0,D,,12,15,4,3,7,8,6,2,2,3,0,0
03/02/2025,Leganes,Getafe,1,0,H,0,0,D,,5,9,1,0,15,15,2,6,1,1,0,0
03/02/2025,Barcelona,Sociedad,4,0,H,2,0,H,,33,0,10,0,15,6,12,0,0,0,0,1
03/02/2025,Mallorca,Alaves,1,1,D,1,0,H,,15,19,4,7,20,14,3,9,0,2,0,0
03/02/2025,Osasuna,Valencia,3,3,D,3,2,H,,12,12,5,5,10,7,3,3,2,1,0,0
03/08/2025,Celta,Leganes,2,1,H,2,1,H,,7,12,4,6,10,9,2,5,3,2,0,0
03/08/2025,Alaves,Villarreal,1,0,H,1,0,H,,5,24,3,2,11,13,1,6,3,1,2,0
03/08/2025,Valencia,Valladolid,2,1,H,1,1,D,,17,11,4,4,11,10,5,4,1,3,0,0
03/09/2025,Getafe,Ath Madrid,2,1,H,0,0,D,,11,4,3,2,10,14,4,4,6,2,0,1
03/09/2025,Real Madrid,Vallecano,2,1,H,2,1,H,,10,20,5,6,12,17,4,6,3,1,0,0
03/09/2025,Ath Bilbao,Mallorca,1,1,D,0,0,D,,8,9,2,2,6,13,3,3,1,3,0,0
03/09/2025,Betis,Las Palmas,1,0,H,0,0,D,,14,8,6,1,12,14,11,1,2,8,0,1
03/09/2025,Sociedad,Sevilla,0,1,A,0,0,D,,7,9,2,4,14,12,6,3,2,1,0,0
03/10/2025,Espanol,Girona,1,1,D,0,0,D,,7,18,4,4,11,13,4,9,3,3,0,0
03/14/2025,Las Palmas,Alaves,2,2,D,0,1,A,,14,9,7,3,10,22,4,5,5,5,0,0
03/15/2025,Valladolid,Celta,0,1,A,0,0,D,,5,10,2,1,9,15,3,4,3,3,0,0
03/15/2025,Mallorca,Espanol,2,1,H,0,0,D,,20,2,7,0,10,12,6,2,0,2,0,0
03/15/2025,Villarreal,Real Madrid,1,2,A,1,2,A,,23,9,10,5,17,3,11,4,2,1,0,0
03/15/2025,Girona,Valencia,1,1,D,0,0,D,,14,12,4,2,12,5,9,4,2,1,0,0
03/16/2025,Leganes,Betis,2,3,A,2,0,H,,10,21,4,6,16,5,3,7,2,1,0,0
03/16/2025,Sevilla,Ath Bilbao,0,1,A,0,0,D,,11,9,4,4,13,12,4,6,4,2,0,0
03/16/2025,Osasuna,Getafe,1,2,A,1,0,H,,12,7,4,4,19,15,3,2,2,3,0,1
03/16/2025,Vallecano,Sociedad,2,2,D,0,1,A,,10,8,5,4,16,9,4,4,3,2,0,0
03/16/2025,Ath Madrid,Barcelona,2,4,A,1,0,H,,7,13,2,6,10,11,6,6,1,3,0,0
03/27/2025,Barcelona,Osasuna,3,0,H,2,0,H,,19,4,5,0,7,14,8,4,1,3,0,0
03/29/2025,Sociedad,Valladolid,2,1,H,1,0,H,,12,12,2,5,20,10,3,6,2,3,0,0
03/29/2025,Espanol,Ath Madrid,1,1,D,0,1,A,,8,13,1,2,12,14,4,3,2,1,0,0
03/29/2025,Alaves,Vallecano,0,2,A,0,1,A,,12,11,4,5,14,12,8,5,3,5,0,0
03/29/2025,Real Madrid,Leganes,3,2,H,1,2,A,,24,10,10,4,9,13,8,3,1,4,0,0
03/30/2025,Getafe,Villarreal,1,2,A,1,2,A,,11,9,4,3,16,21,3,1,1,4,0,0
03/30/2025,Barcelona,Girona,4,1,H,1,0,H,,21,4,9,2,8,11,10,2,0,1,0,0
03/30/2025,Ath Bilbao,Osasuna,0,0,D,0,0,D,,11,5,5,2,12,12,3,4,1,1,0,0
03/30/2025,Valencia,Mallorca,1,0,H,0,0,D,,8,8,2,2,16,15,4,5,5,5,0,0
03/30/2025,Betis,Sevilla,2,1,H,2,1,H,,11,6,3,2,10,22,2,2,4,4,0,0
03/31/2025,Celta,Las Palmas,1,1,D,1,0,H,,19,4,7,2,17,5,4,2,3,0,0,0
04/04/2025,Vallecano,Espanol,0,4,A,0,2,A,,16,15,5,7,8,10,8,4,2,2,0,0
04/05/2025,Girona,Alaves,0,1,A,0,0,D,,11,14,6,3,9,16,1,5,1,4,0,0
04/05/2025,Real Madrid,Valencia,1,2,A,0,1,A,,21,10,9,2,10,13,9,4,0,4,0,0
04/05/2025,Mallorca,Celta,1,2,A,1,0,H,,7,10,2,4,9,11,4,2,3,0,0,0
04/05/2025,Barcelona,Betis,1,1,D,1,1,D,,13,6,5,2,16,12,9,3,2,1,0,0
04/06/2025,Las Palmas,Sociedad,1,3,A,0,1,A,,13,13,5,8,7,10,5,4,0,2,0,0
04/06/2025,Sevilla,Ath Madrid,1,2,A,1,1,D,,11,13,6,5,14,12,7,7,1,4,0,0
04/06/2025,Valladolid,Getafe,0,4,A,0,3,A,,5,16,0,9,11,17,3,4,3,1,1,0
04/06/2025,Villarreal,Ath Bilbao,0,0,D,0,0,D,,12,11,4,2,9,13,6,5,0,1,1,0
04/07/2025,Leganes,Osasuna,1,1,D,0,0,D,,13,14,7,6,18,14,4,8,3,3,0,0
04/11/2025,Valencia,Sevilla,1,0,H,1,0,H,,8,12,6,5,10,18,3,3,3,2,0,0
04/12/2025,Sociedad,Mallorca,0,2,A,0,1,A,,15,7,4,3,11,12,8,2,3,1,0,0
04/12/2025,Getafe,Las Palmas,1,3,A,1,0,H,,11,10,6,5,14,15,3,2,0,2,1,0
04/12/2025,Celta,Espanol,0,2,A,0,1,A,,16,5,6,3,14,10,13,5,2,2,0,0
04/12/2025,Leganes,Barcelona,0,1,A,0,0,D,,6,12,1,3,10,4,4,8,2,1,0,0
04/13/2025,Osasuna,Girona,2,1,H,1,0,H,,13,18,6,8,17,15,4,4,2,0,0,0
04/13/2025,Alaves,Real Madrid,0,1,A,0,1,A,,13,11,6,4,21,12,4,4,4,4,1,1
04/13/2025,Betis,Villarreal,1,2,A,1,1,D,,24,8,5,2,4,13,5,5,0,4,0,0
04/13/2025,Ath Bilbao,Vallecano,3,1,H,0,1,A,,13,11,4,3,12,7,7,1,4,3,0,0
04/14/2025,Ath Madrid,Valladolid,4,2,H,2,1,H,,24,6,9,3,11,8,5,1,1,1,0,0
04/18/2025,Espanol,Getafe,1,0,H,1,0,H,,9,9,3,4,12,15,6,8,0,2,0,1
04/19/2025,Vallecano,Valencia,1,1,D,1,0,H,,11,10,4,3,18,13,5,2,3,1,0,0
04/19/2025,Barcelona,Celta,4,3,H,1,1,D,,18,11,6,8,10,13,4,1,2,2,0,0
04/19/2025,Mallorca,Leganes,0,0,D,0,0,D,,11,15,1,1,17,15,4,4,2,1,0,0
04/19/2025,Las Palmas,Ath Madrid,1,0,H,0,0,D,,8,7,2,2,13,13,4,4,3,1,0,0
04/20/2025,Valladolid,Osasuna,2,3,A,0,2,A,,12,11,5,6,12,17,5,2,2,0,0,0
04/20/2025,Villarreal,Sociedad,2,2,D,1,1,D,,20,4,5,4,12,12,10,4,5,1,0,0
04/20/2025,Sevilla,Alaves,1,1,D,1,1,D,,10,11,2,3,10,11,3,6,2,2,0,0
04/20/2025,Real Madrid,Ath Bilbao,1,0,H,0,0,D,,22,3,7,1,7,15,14,1,1,2,0,0
04/21/2025,Girona,Betis,1,3,A,0,3,A,,11,17,5,9,13,11,8,9,3,2,0,0
04/22/2025,Valencia,Espanol,1,1,D,0,1,A,,16,8,7,3,7,7,6,4,2,1,0,0
04/22/2025,Barcelona,Mallorca,1,0,H,0,0,D,,40,4,13,0,10,7,13,2,0,1,0,0
04/23/2025,Ath Bilbao,Las Palmas,1,0,H,1,0,H,,13,10,4,2,13,9,3,3,1,3,0,0
04/23/2025,Celta,Villarreal,3,0,H,1,0,H,,21,4,9,1,16,10,6,3,2,1,0,1
04/23/2025,Alaves,Sociedad,1,0,H,0,0,D,,10,6,1,0,17,17,6,6,4,5,0,0
04/23/2025,Getafe,Real Madrid,0,1,A,0,1,A,,20,14,6,7,15,7,4,4,3,1,0,0
04/24/2025,Leganes,Girona,1,1,D,0,0,D,,7,8,1,3,16,18,4,5,4,2,1,0
04/24/2025,Osasuna,Sevilla,1,0,H,1,0,H,,9,12,2,3,14,13,4,4,4,2,0,1
04/24/2025,Ath Madrid,Vallecano,3,0,H,2,0,H,,10,12,5,5,8,15,6,3,0,2,0,0
04/24/2025,Betis,Valladolid,5,1,H,1,1,D,,16,10,6,5,7,7,4,4,1,0,0,0
04/27/2025,Villarreal,Espanol,1,0,H,0,0,D,,14,12,5,1,19,11,8,6,4,0,0,0
05/02/2025,Vallecano,Getafe,1,0,H,1,0,H,,13,12,8,1,12,13,7,3,3,2,0,1
05/03/2025,Alaves,Ath Madrid,0,0,D,0,0,D,,8,9,2,2,18,13,3,5,3,2,0,0
05/03/2025,Villarreal,Osasuna,4,2,H,3,0,H,,15,11,5,4,10,18,2,8,4,1,0,0
05/03/2025,Las Palmas,Valencia,2,3,A,1,1,D,,15,10,3,5,12,6,9,5,1,1,0,0
05/03/2025,Valladolid,Barcelona,1,2,A,1,0,H,,5,24,4,7,12,15,4,8,3,2,0,0
05/04/2025,Real Madrid,Celta,3,2,H,2,0,H,,17,14,6,7,5,11,4,6,2,1,0,0
05/04/2025,Sevilla,Leganes,2,2,D,1,1,D,,25,9,7,3,17,12,8,2,4,5,0,0
05/04/2025,Espanol,Betis,1,2,A,1,0,H,,11,20,5,10,16,10,3,7,2,0,0,0
05/04/2025,Sociedad,Ath Bilbao,0,0,D,0,0,D,,12,3,3,1,18,13,7,3,1,2,0,0
05/05/2025,Girona,Mallorca,1,0,H,1,0,H,,13,9,6,1,11,14,5,2,0,2,0,0
05/09/2025,Las Palmas,Vallecano,0,1,A,0,0,D,,11,16,2,5,8,9,8,8,2,3,0,0
05/10/2025,Valencia,Getafe,3,0,H,3,0,H,,10,10,6,3,17,20,2,6,3,5,0,0
05/10/2025,Celta,Sevilla,3,2,H,1,1,D,,8,19,4,10,11,16,3,6,0,2,1,0
05/10/2025,Girona,Villarreal,0,1,A,0,0,D,,7,14,0,5,13,10,5,3,2,3,0,0
05/10/2025,Mallorca,Valladolid,2,1,H,1,1,D,,12,16,4,7,16,12,5,10,2,1,0,0
05/10/2025,Ath Madrid,Sociedad,4,0,H,4,0,H,,13,6,7,1,7,12,3,3,0,1,0,0
05/11/2025,Leganes,Espanol,3,2,H,2,0,H,,13,12,5,6,14,18,3,8,2,2,0,0
05/11/2025,Barcelona,Real Madrid,4,3,H,4,2,H,,23,9,9,5,17,15,10,2,4,3,0,0
05/11/2025,Ath Bilbao,Alaves,1,0,H,0,0,D,,11,4,3,1,17,12,9,2,1,1,0,0
05/11/2025,Betis,Osasuna,1,1,D,0,0,D,,10,16,5,5,8,12,6,7,3,2,0,0
05/13/2025,Valladolid,Girona,0,1,A,0,0,D,,11,13,4,5,5,19,6,4,0,0,0,0
05/13/2025,Sociedad,Celta,0,1,A,0,1,A,,15,6,5,2,18,11,14,1,3,1,0,0
05/13/2025,Sevilla,Las Palmas,1,0,H,0,0,D,,10,14,3,3,22,15,4,2,6,6,0,0
05/14/2025,Alaves,Valencia,1,0,H,0,0,D,,11,10,5,3,16,10,9,4,4,3,0,0
05/14/2025,Villarreal,Leganes,3,0,H,3,0,H,,17,23,7,6,5,11,3,6,1,1,0,0
05/14/2025,Real Madrid,Mallorca,2,1,H,0,1,A,,39,4,13,2,6,15,26,0,0,3,0,0
05/15/2025,Vallecano,Betis,2,2,D,2,0,H,,20,10,6,3,8,18,10,7,1,3,0,0
05/15/2025,Osasuna,Ath Madrid,2,0,H,1,0,H,,9,9,3,5,12,11,3,5,1,1,0,0
05/15/2025,Espanol,Barcelona,0,2,A,0,0,D,,9,12,1,4,8,10,3,3,2,2,1,0
05/15/2025,Getafe,Ath Bilbao,0,2,A,0,0,D,,11,9,1,2,10,7,2,5,1,0,0,0
05/18/2025,Ath Madrid,Betis,4,1,H,2,0,H,,20,12,11,7,12,9,7,4,1,1,0,0
05/18/2025,Barcelona,Villarreal,2,3,A,2,1,H,,24,7,9,3,14,9,11,3,2,0,0,0
05/18/2025,Celta,Vallecano,1,2,A,1,2,A,,24,7,7,2,10,17,9,2,2,3,0,0
05/18/2025,Las Palmas,Leganes,0,1,A,0,1,A,,12,11,3,4,15,12,9,2,2,2,0,0
05/18/2025,Mallorca,Getafe,1,2,A,0,0,D,,7,10,1,4,14,9,3,4,2,2,0,0
05/18/2025,Osasuna,Espanol,2,0,H,1,0,H,,16,16,3,6,11,5,8,6,1,1,0,0
05/18/2025,Sevilla,Real Madrid,0,2,A,0,0,D,,6,16,1,6,7,9,1,7,0,1,2,0
05/18/2025,Sociedad,Girona,3,2,H,2,1,H,,15,9,9,5,10,9,9,2,1,3,0,0
05/18/2025,Valencia,Ath Bilbao,0,1,A,0,0,D,,6,10,2,4,10,16,5,3,3,1,0,0
05/18/2025,Valladolid,Alaves,0,1,A,0,1,A,,7,14,1,4,12,24,5,9,0,2,0,0
05/23/2025,Betis,Valencia,1,1,D,1,0,H,,14,9,4,2,8,12,3,2,1,2,0,0
05/24/2025,Real Madrid,Sociedad,2,0,H,1,0,H,,16,9,8,1,5,7,11,4,0,0,0,0
05/24/2025,Espanol,Las Palmas,2,0,H,0,0,D,,8,10,3,4,12,11,3,6,3,2,0,0
05/24/2025,Leganes,Valladolid,3,0,H,3,0,H,,16,6,6,2,11,16,3,4,0,1,0,0
05/24/2025,Alaves,Osasuna,1,1,D,0,0,D,,14,19,5,5,15,6,5,9,2,2,0,0
05/24/2025,Getafe,Celta,1,2,A,1,1,D,,6,15,1,8,13,10,2,6,3,4,1,0
05/24/2025,Vallecano,Mallorca,0,0,D,0,0,D,,27,9,8,2,9,14,11,2,2,2,0,0
05/25/2025,Girona,Ath Madrid,0,4,A,0,0,D,,2,19,1,11,13,11,1,8,0,1,0,0
05/25/2025,Villarreal,Sevilla,4,2,H,3,1,H,,12,17,7,6,8,14,3,5,0,1,0,0
05/25/2025,Ath Bilbao,Barcelona,0,3,A,0,2,A,,10,13,1,4,21,10,2,6,1,0,0,0
